no,访问时间,地域,ref_link,入口页面,搜索词,访问IP,访客标识码,访问时长,访问页数,最后停留在,上一次访问时间,访问类型,访问频次,操作系统,网络服务商,浏览器,语言环境,屏幕分辨率,屏幕颜色,Flash版本,是否支持Cookie,是否支持JAVA,打开时间,停留时长,页面地址
5,2019/2/26 17:02,深圳,http://www.ruanyifeng.com/blog/2014/05/oauth_2_0.html,https://www.bmatch.tech/course/react?from=ryf,--,183.14.28.144,2.35E+18,134s,1,https://www.bmatch.tech/course/react?from=ryf,首次访问,新访客,1,macOS,电信,Google Chrome,,1920x1200,24-bit,,支持,不支持,17:02:31,134s,https://www.bmatch.tech/course/react?from=ryf
23,2019/2/26 16:37,上海,http://www.ruanyifeng.com/blog/2016/08/http.html,https://www.bmatch.tech/course/react?from=ryf,--,180.169.2.18,2.17E+18,未知,1,https://www.bmatch.tech/course/react?from=ryf,首次访问,新访客,1,macOS,,Safari,,1680x1050,24-bit,,支持,支持,16:37:57,未知,https://www.bmatch.tech/course/react?from=ryf
28,2019/2/26 16:26,成都,http://www.ruanyifeng.com/blog/2010/05/object-oriented_javascript_inheritance.html,https://www.bmatch.tech/course/react?from=ryf,--,222.210.10.152,1.88E+18,146s,1,https://www.bmatch.tech/course/react?from=ryf,首次访问,新访客,1,Win 10,电信,Google Chrome,,1920x1080,24-bit,,支持,不支持,16:26:34,146s,https://www.bmatch.tech/course/react?from=ryf
44,2019/2/26 16:12,重庆,http://www.ruanyifeng.com/blog/2019/02/password.html,https://www.bmatch.tech/course/react?from=ryf,--,223.104.25.93,1.85E+18,1s,1,https://www.bmatch.tech/course/react?from=ryf,首次访问,新访客,1,Win 10,,Google Chrome,,1920x1080,24-bit,,支持,不支持,16:12:55,1s,https://www.bmatch.tech/course/react?from=ryf
47,2019/2/26 16:07,东莞,http://www.ruanyifeng.com/blog/2019/02/npx.html,https://www.bmatch.tech/course/react?from=ryf,--,119.145.99.37,1.85E+18,2s,1,https://www.bmatch.tech/course/react?from=ryf,首次访问,新访客,1,macOS,电信,Google Chrome,,2560x1440,24-bit,,支持,不支持,16:07:50,2s,https://www.bmatch.tech/course/react?from=ryf
56,2019/2/26 15:59,北京,http://www.ruanyifeng.com/blog/2018/07/web-worker.html,https://www.bmatch.tech/course/react?from=ryf,--,221.216.141.35,1.86E+18,39s,6,https://www.bmatch.tech/courses/react,首次访问,新访客,1,Win 10,网通,Google Chrome,,1024x1280,24-bit,,支持,不支持,15:59:27,7s,https://www.bmatch.tech/course/react?from=ryf
59,2019/2/26 15:56,北京,http://www.ruanyifeng.com/blog/2015/07/flex-grammar.html,https://www.bmatch.tech/course/react?from=ryf,--,150.109.76.188,1.95E+18,6s,1,https://www.bmatch.tech/course/react?from=ryf,首次访问,新访客,1,macOS,,Google Chrome,,1680x1050,24-bit,,支持,不支持,15:56:23,6s,https://www.bmatch.tech/course/react?from=ryf
113,2019/2/26 15:15,石家庄,http://www.ruanyifeng.com/blog/2013/01/javascript_source_map.html,https://www.bmatch.tech/course/react?from=ryf,--,60.1.187.100,2.10E+18,5s,1,https://www.bmatch.tech/course/react?from=ryf,首次访问,新访客,1,Win 10,网通,Google Chrome,,1920x1080,24-bit,,支持,不支持,15:15:53,5s,https://www.bmatch.tech/course/react?from=ryf
124,2019/2/26 15:02,合肥,http://www.ruanyifeng.com/blog/2015/07/flex-examples.html,https://www.bmatch.tech/course/react?from=ryf,--,36.5.235.206,2.27E+18,8s,1,https://www.bmatch.tech/course/react?from=ryf,首次访问,新访客,1,Win 10,,Google Chrome,,1920x1080,24-bit,,支持,不支持,15:02:47,8s,https://www.bmatch.tech/course/react?from=ryf
243,2019/2/26 13:31,郑州,http://www.ruanyifeng.com/blog/2018/06/javascript-this.html,https://www.bmatch.tech/course/react?from=ryf,--,112.53.98.82,2.26E+18,2s,1,https://www.bmatch.tech/course/react?from=ryf,首次访问,新访客,1,Win 10,移动,Google Chrome,,1920x1080,24-bit,,支持,不支持,13:31:56,2s,https://www.bmatch.tech/course/react?from=ryf
271,2019/2/26 13:13,北京,http://www.ruanyifeng.com/blog/2015/02/mvcmvp_mvvm.html,https://www.bmatch.tech/course/react?from=ryf,--,125.33.27.170,2.15E+18,未知,1,https://www.bmatch.tech/course/react?from=ryf,首次访问,新访客,1,macOS,网通,Google Chrome,,1680x1050,24-bit,,支持,不支持,13:13:23,未知,https://www.bmatch.tech/course/react?from=ryf
310,2019/2/26 12:35,石家庄,直接访问,https://www.bmatch.tech/course/react?from=ryf,--,36.98.61.243,5.68E+18,6s,1,https://www.bmatch.tech/course/react?from=ryf,首次访问,新访客,1,Android,,Chrome移动版,,,24-bit,,支持,不支持,12:35:21,6s,https://www.bmatch.tech/course/react?from=ryf
313,2019/2/26 12:31,北京,http://www.ruanyifeng.com/blog/2016/09/redux_tutorial_part_two_async_operations.html,https://www.bmatch.tech/course/react?from=ryf,--,220.181.38.108,1.80E+18,6s,1,https://www.bmatch.tech/course/react?from=ryf,首次访问,新访客,1,macOS,电信,Google Chrome,,1920x1080,24-bit,,支持,不支持,12:31:06,6s,https://www.bmatch.tech/course/react?from=ryf
323,2019/2/26 12:17,杭州,http://www.ruanyifeng.com/blog/2015/03/react.html,https://www.bmatch.tech/course/react?from=ryf,--,220.191.36.249,2.18E+18,14s,1,https://www.bmatch.tech/course/react?from=ryf,首次访问,新访客,1,macOS,电信,Google Chrome,,1440x900,24-bit,,支持,不支持,12:17:39,14s,https://www.bmatch.tech/course/react?from=ryf
338,2019/2/26 12:06,其他,http://www.ruanyifeng.com/blog/2016/03/systemd-tutorial-commands.html,https://www.bmatch.tech/course/react?from=ryf,--,52.184.99.53,2.17E+18,4s,1,https://www.bmatch.tech/course/react?from=ryf,首次访问,新访客,1,Win 10,,Google Chrome,,1920x1080,24-bit,,支持,不支持,12:06:20,4s,https://www.bmatch.tech/course/react?from=ryf
418,2019/2/26 11:13,北京,http://www.ruanyifeng.com/blog/2019/02/weekly-issue-44.html,https://www.bmatch.tech/course/react?from=ryf,--,218.30.116.3,2.05E+18,8s,1,https://www.bmatch.tech/course/react?from=ryf,首次访问,新访客,1,Win 7,电信,Google Chrome,,1920x1080,24-bit,,支持,不支持,11:13:41,8s,https://www.bmatch.tech/course/react?from=ryf
419,2019/2/26 11:07,北京,http://www.ruanyifeng.com/blog/2019/02/weekly-issue-44.html,https://www.bmatch.tech/course/react?from=ryf,--,223.71.50.102,2.23E+18,未知,1,https://www.bmatch.tech/course/react?from=ryf,首次访问,新访客,1,Win 10,,Google Chrome,,1920x1080,24-bit,,支持,不支持,11:07:20,未知,https://www.bmatch.tech/course/react?from=ryf
421,2019/2/26 9:53,广州,http://www.ruanyifeng.com/blog/2014/10/event-loop.html,https://www.bmatch.tech/course/react?from=ryf,--,113.109.233.169,1.93E+18,1167s,10,https://www.bmatch.tech/courses/frontEndTraining,首次访问,新访客,1,Win 7,电信,Google Chrome,,1920x1080,24-bit,,支持,不支持,9:53:25,1033s,https://www.bmatch.tech/course/react?from=ryf
422,2019/2/26 9:43,深圳,http://www.ruanyifeng.com/blog/2010/12/detailed_explanation_of_css3_rounded_corners.html,https://www.bmatch.tech/course/react?from=ryf,--,113.88.86.169,1.88E+18,81s,3,https://www.bmatch.tech/courses/frontEndTraining,首次访问,新访客,1,Win 7,电信,Opera,,1366x768,24-bit,,支持,不支持,9:43:11,46s,https://www.bmatch.tech/course/react?from=ryf
423,2019/2/26 9:38,福州,http://www.ruanyifeng.com/support.html,https://www.bmatch.tech/course/react?from=ryf,--,183.252.15.157,2.24E+18,3s,1,https://www.bmatch.tech/course/react?from=ryf,首次访问,新访客,1,Win 10,移动,Google Chrome,,1280x720,24-bit,,支持,不支持,9:38:38,3s,https://www.bmatch.tech/course/react?from=ryf
424,2019/2/26 9:35,香港,http://www.ruanyifeng.com/blog/2012/05/responsive_web_design.html,https://www.bmatch.tech/course/react?from=ryf,--,42.3.139.143,2.19E+18,37s,1,https://www.bmatch.tech/course/react?from=ryf,首次访问,新访客,1,Win 7,,Google Chrome,,1920x1080,24-bit,,支持,不支持,9:35:18,37s,https://www.bmatch.tech/course/react?from=ryf
430,2019/2/26 3:45,上海,http://www.ruanyifeng.com/blog/2019/02/npx.html,https://www.bmatch.tech/course/react?from=ryf,--,112.65.76.247,2.31E+18,4s,1,https://www.bmatch.tech/course/react?from=ryf,首次访问,新访客,1,Win 10,联通,Google Chrome,,2560x1440,24-bit,,支持,不支持,3:45:01,4s,https://www.bmatch.tech/course/react?from=ryf
431,2019/2/25 22:50,南京,http://www.ruanyifeng.com/blog/2018/07/json_web_token-tutorial.html,https://www.bmatch.tech/course/react?from=ryf,--,49.77.216.45,1.75E+18,14s,2,https://www.bmatch.tech/course/react?from=ryf,首次访问,新访客,1,Win 10,,Google Chrome,,1920x1080,24-bit,,支持,不支持,2019/2/25 22:50,12s,https://www.bmatch.tech/course/react?from=ryf
432,2019/2/25 22:47,成都,http://www.ruanyifeng.com/blog/2019/02/password.html,https://www.bmatch.tech/course/react?from=ryf,--,110.191.240.77,1.89E+18,190s,2,https://www.bmatch.tech,首次访问,新访客,1,Win 7,电信,Google Chrome,,1366x768,24-bit,,支持,不支持,2019/2/25 22:47,3s,https://www.bmatch.tech/course/react?from=ryf
433,2019/2/25 22:46,长沙,http://www.ruanyifeng.com/blog/2019/02/password.html,https://www.bmatch.tech/course/react?from=ryf,--,110.52.194.38,2.09E+18,未知,1,https://www.bmatch.tech/course/react?from=ryf,首次访问,新访客,1,Win 10,网通,Firefox,,1536x864,24-bit,,支持,不支持,2019/2/25 22:46,未知,https://www.bmatch.tech/course/react?from=ryf
434,2019/2/25 22:35,广州,http://www.ruanyifeng.com/blog/2017/05/websocket.html,https://www.bmatch.tech/course/react?from=ryf,--,223.73.121.192,1.96E+18,未知,1,https://www.bmatch.tech/course/react?from=ryf,首次访问,新访客,1,Win 10,,Google Chrome,,1920x1080,24-bit,,支持,不支持,2019/2/25 22:35,未知,https://www.bmatch.tech/course/react?from=ryf
435,2019/2/25 21:54,南宁,http://www.ruanyifeng.com/blog/2009/08/learning_javascript_closures.html,https://www.bmatch.tech/course/react?from=ryf,--,124.227.192.80,1.92E+18,59s,1,https://www.bmatch.tech/course/react?from=ryf,首次访问,新访客,1,Win 10,电信,Google Chrome,,1920x1080,24-bit,,支持,不支持,2019/2/25 21:54,59s,https://www.bmatch.tech/course/react?from=ryf
436,2019/2/25 21:11,深圳,http://www.ruanyifeng.com/blog/2018/07/json_web_token-tutorial.html,https://www.bmatch.tech/course/react?from=ryf,--,113.88.195.112,2.24E+18,87s,5,https://www.bmatch.tech/courses/java,首次访问,新访客,1,Win 10,电信,Google Chrome,,1920x1080,24-bit,,支持,不支持,2019/2/25 21:11,45s,https://www.bmatch.tech/course/react?from=ryf
437,2019/2/25 21:06,上海,http://www.ruanyifeng.com/blog/2019/02/weekly-issue-43.html,https://www.bmatch.tech/course/react?from=ryf,--,101.231.114.43,2.11E+18,2s,1,https://www.bmatch.tech/course/react?from=ryf,首次访问,新访客,1,macOS,,Google Chrome,,1440x900,24-bit,,支持,不支持,2019/2/25 21:06,2s,https://www.bmatch.tech/course/react?from=ryf
438,2019/2/25 20:48,成都,http://www.ruanyifeng.com/blog/2019/02/weekly-issue-44.html,https://www.bmatch.tech/course/react?from=ryf,--,218.88.127.32,2.34E+18,72s,1,https://www.bmatch.tech/course/react?from=ryf,首次访问,新访客,1,Win 10,电信,Google Chrome,,1280x720,24-bit,,支持,不支持,2019/2/25 20:48,72s,https://www.bmatch.tech/course/react?from=ryf
439,2019/2/25 20:07,其他,http://www.ruanyifeng.com/blog/2018/10/restful-api-best-practices.html,https://www.bmatch.tech/course/react?from=ryf,--,141.168.62.146,1.95E+18,未知,1,https://www.bmatch.tech/course/react?from=ryf,首次访问,新访客,1,iOS 12,,手机百度,,1024x576,32-bit,,支持,不支持,2019/2/25 20:07,未知,https://www.bmatch.tech/course/react?from=ryf
441,2019/2/25 19:35,上海,http://www.ruanyifeng.com/blog/2018/11/most-effective-sales-promotion.html,https://www.bmatch.tech/course/react?from=ryf,--,116.237.192.159,1.80E+18,34s,1,https://www.bmatch.tech/course/react?from=ryf,首次访问,新访客,1,Win 10,电信,Google Chrome,,1920x1080,24-bit,,支持,不支持,2019/2/25 19:35,34s,https://www.bmatch.tech/course/react?from=ryf
442,2019/2/25 19:15,杭州,http://www.ruanyifeng.com/blog/2011/09/restful.html,https://www.bmatch.tech/course/react?from=ryf,--,183.129.46.22,2.26E+18,10s,1,https://www.bmatch.tech/course/react?from=ryf,首次访问,新访客,1,Win 10,电信,Google Chrome,,1536x864,24-bit,,支持,不支持,2019/2/25 19:15,10s,https://www.bmatch.tech/course/react?from=ryf
443,2019/2/25 19:14,深圳,http://www.ruanyifeng.com/blog/2019/02/weekly-issue-44.html,https://www.bmatch.tech/course/react?from=ryf,--,183.14.133.112,1.95E+18,未知,1,https://www.bmatch.tech/course/react?from=ryf,首次访问,新访客,1,macOS,电信,Safari,,1440x900,24-bit,,支持,支持,2019/2/25 19:14,未知,https://www.bmatch.tech/course/react?from=ryf
444,2019/2/25 19:07,台州,http://www.ruanyifeng.com/blog/2019/02/orm-tutorial.html,https://www.bmatch.tech/course/react?from=ryf,--,39.181.142.141,2.20E+18,440s,1,https://www.bmatch.tech/course/react?from=ryf,首次访问,新访客,1,Win 10,,Google Chrome,,1920x1080,24-bit,,支持,不支持,2019/2/25 19:07,440s,https://www.bmatch.tech/course/react?from=ryf
445,2019/2/25 18:42,北京,http://www.ruanyifeng.com/blog/2012/03/ranking_algorithm_wilson_score_interval.html,https://www.bmatch.tech/course/react?from=ryf,--,61.49.172.118,2.02E+18,未知,1,https://www.bmatch.tech/course/react?from=ryf,首次访问,新访客,1,macOS,网通,Safari,,1440x900,24-bit,,支持,支持,2019/2/25 18:42,未知,https://www.bmatch.tech/course/react?from=ryf
446,2019/2/25 18:26,广州,http://www.ruanyifeng.com/blog/2019/02/orm-tutorial.html,https://www.bmatch.tech/course/react?from=ryf,--,61.144.46.99,1.91E+18,2s,1,https://www.bmatch.tech/course/react?from=ryf,首次访问,新访客,1,Win 10,电信,Google Chrome,,1280x720,24-bit,,支持,不支持,2019/2/25 18:26,2s,https://www.bmatch.tech/course/react?from=ryf
448,2019/2/25 17:56,深圳,http://www.ruanyifeng.com/blog/2018/07/cap.html,https://www.bmatch.tech/course/react?from=ryf,--,116.25.94.103,1.94E+18,44s,1,https://www.bmatch.tech/course/react?from=ryf,首次访问,新访客,1,Win 10,电信,Google Chrome,,1440x900,24-bit,,支持,不支持,2019/2/25 17:56,44s,https://www.bmatch.tech/course/react?from=ryf
449,2019/2/25 17:52,北京,http://www.ruanyifeng.com/support.html,https://www.bmatch.tech/course/react?from=ryf,--,114.242.146.98,2.04E+18,57s,2,https://www.bmatch.tech/course/react?from=ryf,首次访问,新访客,1,Win 10,网通,Google Chrome,,1280x720,24-bit,,支持,不支持,2019/2/25 17:52,55s,https://www.bmatch.tech/course/react?from=ryf
450,2019/2/25 17:39,北京,直接访问,https://www.bmatch.tech/course/react?from=ryf,--,61.151.178.197,1.74E+18,未知,1,https://www.bmatch.tech/course/react?from=ryf,首次访问,新访客,1,Android 4.4,电信,Android Webkit Browser,,1024x768,24-bit,11.2,支持,不支持,2019/2/25 17:39,未知,https://www.bmatch.tech/course/react?from=ryf
451,2019/2/25 17:09,杭州,http://www.ruanyifeng.com/blog/2018/10/restful-api-best-practices.html,https://www.bmatch.tech/course/react?from=ryf,--,122.235.141.5,2.02E+18,16s,1,https://www.bmatch.tech/course/react?from=ryf,首次访问,新访客,1,Win 10,电信,Google Chrome,,1920x1080,24-bit,,支持,不支持,2019/2/25 17:09,16s,https://www.bmatch.tech/course/react?from=ryf
455,2019/2/25 16:59,西安,http://www.ruanyifeng.com/blog/2015/09/career-advice.html,https://www.bmatch.tech/course/react?from=ryf,--,1.85.218.238,1.94E+18,26s,1,https://www.bmatch.tech/course/react?from=ryf,首次访问,新访客,1,Win 10,,Google Chrome,,1280x1024,24-bit,,支持,不支持,2019/2/25 16:59,26s,https://www.bmatch.tech/course/react?from=ryf
457,2019/2/25 16:36,广州,http://www.ruanyifeng.com/blog/2016/09/redux_tutorial_part_three_react-redux.html,https://www.bmatch.tech/course/react?from=ryf,--,183.6.159.134,2.27E+18,228s,5,https://www.bmatch.tech,首次访问,新访客,1,Win 10,电信,Google Chrome,,1280x720,24-bit,,支持,不支持,2019/2/25 16:36,71s,https://www.bmatch.tech/course/react?from=ryf
459,2019/2/25 16:18,西安,http://www.ruanyifeng.com/blog/2015/03/react.html,https://www.bmatch.tech/course/react?from=ryf,--,117.34.138.201,2.15E+18,82s,1,https://www.bmatch.tech/course/react?from=ryf,首次访问,新访客,1,Win 10,电信,Google Chrome,,1920x1080,24-bit,,支持,不支持,2019/2/25 16:18,82s,https://www.bmatch.tech/course/react?from=ryf
461,2019/2/25 15:57,北京,http://www.ruanyifeng.com/blog/2016/10/npm_scripts.html,https://www.bmatch.tech/course/react?from=ryf,--,210.13.244.130,2.02E+18,8s,1,https://www.bmatch.tech/course/react?from=ryf,首次访问,新访客,1,macOS,网通,Google Chrome,,1280x800,24-bit,,支持,不支持,2019/2/25 15:57,8s,https://www.bmatch.tech/course/react?from=ryf
462,2019/2/25 15:57,上海,直接访问,https://www.bmatch.tech/course/react?from=ryf,--,180.163.220.3,1.72E+18,未知,1,https://www.bmatch.tech/course/react?from=ryf,首次访问,新访客,1,Win 7,,Google Chrome,,800x600,24-bit,,支持,不支持,2019/2/25 15:57,未知,https://www.bmatch.tech/course/react?from=ryf
463,2019/2/25 15:52,泉州,http://www.ruanyifeng.com/blog/2012/08/file_upload.html,https://www.bmatch.tech/course/react?from=ryf,--,218.66.169.71,1.88E+18,5s,1,https://www.bmatch.tech/course/react?from=ryf,首次访问,新访客,1,Win 7,电信,Google Chrome,,1366x768,24-bit,,支持,不支持,2019/2/25 15:52,5s,https://www.bmatch.tech/course/react?from=ryf
464,2019/2/25 15:47,天津,http://www.ruanyifeng.com/support.html,https://www.bmatch.tech/course/react?from=ryf,--,111.30.26.195,1.91E+18,5s,1,https://www.bmatch.tech/course/react?from=ryf,首次访问,新访客,1,Win 10,移动,Google Chrome,,1366x768,24-bit,,支持,不支持,2019/2/25 15:47,5s,https://www.bmatch.tech/course/react?from=ryf
465,2019/2/25 15:35,上海,http://www.ruanyifeng.com/blog/2018/09/hash-collision-and-birthday-attack.html,https://www.bmatch.tech/course/react?from=ryf,--,140.207.161.122,2.00E+18,12s,1,https://www.bmatch.tech/course/react?from=ryf,首次访问,新访客,1,Win 7,,Google Chrome,,1920x1080,24-bit,,支持,不支持,2019/2/25 15:35,12s,https://www.bmatch.tech/course/react?from=ryf
466,2019/2/25 15:27,北京,http://www.ruanyifeng.com/blog/2018/10/runner.html,https://www.bmatch.tech/course/react?from=ryf,--,111.203.167.25,1.84E+18,10s,1,https://www.bmatch.tech/course/react?from=ryf,首次访问,新访客,1,Win 10,联通,Google Chrome,,1280x720,24-bit,,支持,不支持,2019/2/25 15:27,10s,https://www.bmatch.tech/course/react?from=ryf
467,2019/2/25 15:26,郑州,http://www.ruanyifeng.com/blog/2016/02/youth-by-coetzee.html,https://www.bmatch.tech/course/react?from=ryf,--,123.149.238.203,1.81E+18,41s,1,https://www.bmatch.tech/course/react?from=ryf,首次访问,新访客,1,Win 10,电信,Google Chrome,,1920x1080,24-bit,,支持,不支持,2019/2/25 15:26,41s,https://www.bmatch.tech/course/react?from=ryf
468,2019/2/25 15:24,苏州,http://www.ruanyifeng.com/blog/2019/02/weekly-issue-43.html,https://www.bmatch.tech/course/react?from=ryf,--,58.210.242.134,1.92E+18,未知,1,https://www.bmatch.tech/course/react?from=ryf,首次访问,新访客,1,Win 7,电信,Google Chrome,,1920x1080,24-bit,,支持,不支持,2019/2/25 15:24,未知,https://www.bmatch.tech/course/react?from=ryf
469,2019/2/25 15:18,沈阳,http://www.ruanyifeng.com/blog/2018/08/svg.html,https://www.bmatch.tech/course/react?from=ryf,--,119.119.78.182,1.88E+18,未知,1,https://www.bmatch.tech/course/react?from=ryf,首次访问,新访客,1,Win 7,网通,Google Chrome,,1920x1080,24-bit,,支持,不支持,2019/2/25 15:18,未知,https://www.bmatch.tech/course/react?from=ryf
470,2019/2/25 15:10,宁波,直接访问,https://www.bmatch.tech/course/react?from=ryf,--,112.17.241.82,2.01E+18,未知,1,https://www.bmatch.tech/course/react?from=ryf,2019/2/25 14:25,新访客,2,macOS,移动,Google Chrome,,1440x900,24-bit,,支持,不支持,2019/2/25 15:10,未知,https://www.bmatch.tech/course/react?from=ryf
471,2019/2/25 15:01,北京,http://www.ruanyifeng.com/blog/2019/02/password.html,https://www.bmatch.tech/course/react?from=ryf,--,124.207.175.100,1.82E+18,28s,2,https://www.bmatch.tech/about,首次访问,新访客,1,macOS,电信通,Google Chrome,,1920x1080,24-bit,,支持,不支持,2019/2/25 15:01,6s,https://www.bmatch.tech/course/react?from=ryf
474,2019/2/25 14:50,上海,http://www.ruanyifeng.com/blog/2019/01/prolog.html,https://www.bmatch.tech/course/react?from=ryf,--,218.82.242.156,2.37E+18,1s,1,https://www.bmatch.tech/course/react?from=ryf,首次访问,新访客,1,Win 7,电信,Google Chrome,,1366x768,24-bit,,支持,不支持,2019/2/25 14:50,1s,https://www.bmatch.tech/course/react?from=ryf
475,2019/2/25 14:25,宁波,直接访问,https://www.bmatch.tech/course/react?from=ryf,--,112.17.241.82,2.01E+18,未知,1,https://www.bmatch.tech/course/react?from=ryf,首次访问,新访客,1,macOS,移动,Google Chrome,,1440x900,24-bit,,支持,不支持,2019/2/25 14:25,未知,https://www.bmatch.tech/course/react?from=ryf
476,2019/2/25 14:21,深圳,http://www.ruanyifeng.com/blog/2015/07/flex-grammar.html,https://www.bmatch.tech/course/react?from=ryf,--,183.14.30.106,1.93E+18,126s,4,https://www.bmatch.tech,首次访问,新访客,1,Win 7,电信,Google Chrome,,1920x1080,24-bit,,支持,不支持,2019/2/25 14:21,6s,https://www.bmatch.tech/course/react?from=ryf
477,2019/2/25 14:11,上海,http://www.ruanyifeng.com/blog/2018/12/weekly-issue-35.html,https://www.bmatch.tech/course/react?from=ryf,--,116.231.147.253,2.27E+18,38s,1,https://www.bmatch.tech/course/react?from=ryf,首次访问,新访客,1,Win 10,电信,Google Chrome,,2560x1440,24-bit,,支持,不支持,2019/2/25 14:11,38s,https://www.bmatch.tech/course/react?from=ryf
478,2019/2/25 13:40,深圳,http://www.ruanyifeng.com/blog/2017/03/reduce_transduce.html,https://www.bmatch.tech/course/react?from=ryf,--,183.15.179.209,1.83E+18,25s,1,https://www.bmatch.tech/course/react?from=ryf,首次访问,新访客,1,Win 7,电信,Google Chrome,,1920x1200,24-bit,,支持,不支持,2019/2/25 13:40,25s,https://www.bmatch.tech/course/react?from=ryf
479,2019/2/25 13:35,北京,http://www.ruanyifeng.com/blog/2016/09/redux_tutorial_part_two_async_operations.html,https://www.bmatch.tech/course/react?from=ryf,--,221.219.241.194,1.85E+18,33s,1,https://www.bmatch.tech/course/react?from=ryf,首次访问,新访客,1,macOS,网通,Google Chrome,,1920x1080,24-bit,,支持,不支持,2019/2/25 13:35,33s,https://www.bmatch.tech/course/react?from=ryf
480,2019/2/25 13:24,泰安,http://www.ruanyifeng.com/blog/2013/01/javascript_source_map.html,https://www.bmatch.tech/course/react?from=ryf,--,112.245.14.36,1.88E+18,3s,1,https://www.bmatch.tech/course/react?from=ryf,首次访问,新访客,1,Win 10,网通,Google Chrome,,1920x1080,24-bit,,支持,不支持,2019/2/25 13:24,3s,https://www.bmatch.tech/course/react?from=ryf
481,2019/2/25 13:17,北京,http://www.ruanyifeng.com/blog/2018/07/my-books.html,https://www.bmatch.tech/course/react?from=ryf,--,111.205.32.126,2.18E+18,2s,1,https://www.bmatch.tech/course/react?from=ryf,首次访问,新访客,1,macOS,联通,Google Chrome,,1680x1050,24-bit,,支持,不支持,2019/2/25 13:17,2s,https://www.bmatch.tech/course/react?from=ryf
483,2019/2/25 12:24,上海,http://www.ruanyifeng.com/blog/2015/07/flex-grammar.html?utm_source=tuicool,https://www.bmatch.tech/course/react?from=ryf,--,180.167.17.142,2.11E+18,未知,1,https://www.bmatch.tech/course/react?from=ryf,2019/2/25 11:23,新访客,2,Win 10,,搜狗高速,,1920x1080,24-bit,,支持,不支持,2019/2/25 12:24,未知,https://www.bmatch.tech/course/react?from=ryf
484,2019/2/25 11:56,北京,http://www.ruanyifeng.com/blog/2014/10/event-loop.html,https://www.bmatch.tech/course/react?from=ryf,--,123.120.137.117,1.82E+18,55s,1,https://www.bmatch.tech/course/react?from=ryf,首次访问,新访客,1,Win 10,网通,Google Chrome,,1920x1080,24-bit,,支持,不支持,2019/2/25 11:56,55s,https://www.bmatch.tech/course/react?from=ryf
485,2019/2/25 11:48,上海,http://www.ruanyifeng.com/blog/2015/04/generator.html,https://www.bmatch.tech/course/react?from=ryf,--,101.95.10.122,1.67E+18,10s,1,https://www.bmatch.tech/course/react?from=ryf,首次访问,新访客,1,macOS,,Google Chrome,,1440x900,24-bit,,支持,不支持,2019/2/25 11:48,10s,https://www.bmatch.tech/course/react?from=ryf
486,2019/2/25 11:42,芜湖,http://www.ruanyifeng.com/blog/2012/04/functional_programming.html,https://www.bmatch.tech/course/react?from=ryf,--,36.63.180.42,1.89E+18,22s,2,https://www.bmatch.tech,首次访问,新访客,1,Win 10,,QQ浏览器,,1920x1080,24-bit,,支持,不支持,2019/2/25 11:42,6s,https://www.bmatch.tech/course/react?from=ryf
488,2019/2/25 11:33,商洛,http://www.ruanyifeng.com/blog/2011/08/jquery_best_practices.html,https://www.bmatch.tech/course/react?from=ryf,--,113.137.70.180,2.20E+18,2s,1,https://www.bmatch.tech/course/react?from=ryf,首次访问,新访客,1,Win 10,电信,Google Chrome,,1920x1080,24-bit,,支持,不支持,2019/2/25 11:33,2s,https://www.bmatch.tech/course/react?from=ryf
489,2019/2/25 11:32,北京,http://www.ruanyifeng.com/blog/2019/02/npx.html,https://www.bmatch.tech/course/react?from=ryf,--,114.113.63.82,2.22E+18,3s,1,https://www.bmatch.tech/course/react?from=ryf,首次访问,新访客,1,macOS,,Google Chrome,,1920x1080,24-bit,,支持,不支持,2019/2/25 11:32,3s,https://www.bmatch.tech/course/react?from=ryf
490,2019/2/25 11:23,上海,http://www.ruanyifeng.com/blog/2015/07/flex-grammar.html?utm_source=tuicool,https://www.bmatch.tech/course/react?from=ryf,--,180.167.17.142,2.11E+18,未知,1,https://www.bmatch.tech/course/react?from=ryf,首次访问,新访客,1,Win 10,,搜狗高速,,1920x1080,24-bit,,支持,不支持,2019/2/25 11:23,未知,https://www.bmatch.tech/course/react?from=ryf
491,2019/2/25 11:00,长沙,http://www.ruanyifeng.com/blog/2015/03/react.html,https://www.bmatch.tech/course/react?from=ryf,--,222.247.122.242,2.39E+18,51s,1,https://www.bmatch.tech/course/react?from=ryf,首次访问,新访客,1,Win 7,电信,Google Chrome,,1920x1080,24-bit,,支持,不支持,2019/2/25 11:00,51s,https://www.bmatch.tech/course/react?from=ryf
492,2019/2/25 10:20,南京,http://www.ruanyifeng.com/blog/2019/02/orm-tutorial.html,https://www.bmatch.tech/course/react?from=ryf,--,221.226.22.114,1.94E+18,5s,1,https://www.bmatch.tech/course/react?from=ryf,首次访问,新访客,1,macOS,电信,Google Chrome,,1920x1080,24-bit,,支持,不支持,2019/2/25 10:20,5s,https://www.bmatch.tech/course/react?from=ryf
493,2019/2/25 10:12,苏州,http://www.ruanyifeng.com/blog/2019/02/orm-tutorial.html,https://www.bmatch.tech/course/react?from=ryf,--,180.107.123.191,1.85E+18,3s,1,https://www.bmatch.tech/course/react?from=ryf,首次访问,新访客,1,Win 10,电信,Google Chrome,,1280x720,24-bit,,支持,不支持,2019/2/25 10:12,3s,https://www.bmatch.tech/course/react?from=ryf
494,2019/2/25 10:06,上海,http://www.ruanyifeng.com/support.html,https://www.bmatch.tech/course/react?from=ryf,--,180.168.65.198,1.89E+18,1s,1,https://www.bmatch.tech/course/react?from=ryf,首次访问,新访客,1,Win 7,,Google Chrome,,1680x1050,24-bit,,支持,不支持,2019/2/25 10:06,1s,https://www.bmatch.tech/course/react?from=ryf
495,2019/2/25 9:58,深圳,http://www.ruanyifeng.com/blog/2011/05/my_google_adsense_is_disabled.html,https://www.bmatch.tech/course/react?from=ryf,--,116.24.65.47,1.87E+18,6s,1,https://www.bmatch.tech/course/react?from=ryf,首次访问,新访客,1,Win 10,电信,Google Chrome,,1920x1080,24-bit,,支持,不支持,2019/2/25 9:58,6s,https://www.bmatch.tech/course/react?from=ryf
496,2019/2/25 9:58,杭州,http://www.ruanyifeng.com/blog/2015/07/flex-examples.html,https://www.bmatch.tech/course/react?from=ryf,--,112.10.195.91,2.19E+18,2s,1,https://www.bmatch.tech/course/react?from=ryf,首次访问,新访客,1,Win 10,移动,Google Chrome,,1536x864,24-bit,,支持,不支持,2019/2/25 9:58,2s,https://www.bmatch.tech/course/react?from=ryf
501,2019/2/25 9:34,深圳,http://www.ruanyifeng.com/support.html,https://www.bmatch.tech/course/react?from=ryf,--,113.116.29.64,2.23E+18,5s,1,https://www.bmatch.tech/course/react?from=ryf,首次访问,新访客,1,Win 10,电信,Google Chrome,,1920x1080,24-bit,,支持,不支持,2019/2/25 9:34,5s,https://www.bmatch.tech/course/react?from=ryf
504,2019/2/24 23:53,周口,http://www.ruanyifeng.com/blog/2016/03/techonology-vs-equality.html,https://www.bmatch.tech/course/react?from=ryf,--,223.104.19.171,1.95E+18,3s,1,https://www.bmatch.tech/course/react?from=ryf,首次访问,新访客,1,Android 8.0,,Chrome移动版,,,32-bit,,支持,不支持,2019/2/24 23:53,3s,https://www.bmatch.tech/course/react?from=ryf
506,2019/2/24 22:59,广州,http://www.ruanyifeng.com/blog/2015/07/flex-grammar.html?utm_source=tuicool,https://www.bmatch.tech/course/react?from=ryf,--,113.67.157.48,2.17E+18,36s,1,https://www.bmatch.tech/course/react?from=ryf,首次访问,新访客,1,Win 7,电信,Google Chrome,,1366x768,24-bit,,支持,不支持,2019/2/24 22:59,36s,https://www.bmatch.tech/course/react?from=ryf
509,2019/2/24 22:40,武汉,http://www.ruanyifeng.com/blog/2015/07/flex-grammar.html?utm_source=tuicool,https://www.bmatch.tech/course/react?from=ryf,--,117.152.93.131,1.86E+18,152s,4,https://www.bmatch.tech/courses/frontEndTraining,首次访问,新访客,1,Win 7,移动,Google Chrome,,1366x768,24-bit,,支持,不支持,2019/2/24 22:40,25s,https://www.bmatch.tech/course/react?from=ryf
510,2019/2/24 22:30,杭州,http://www.ruanyifeng.com/blog/2015/07/flex-grammar.html,https://www.bmatch.tech/course/react?from=ryf,--,115.193.182.12,1.92E+18,未知,1,https://www.bmatch.tech/course/react?from=ryf,首次访问,新访客,1,macOS,电信,Google Chrome,,1680x1050,24-bit,,支持,不支持,2019/2/24 22:30,未知,https://www.bmatch.tech/course/react?from=ryf
511,2019/2/24 22:19,苏州,http://www.ruanyifeng.com/blog/2019/02/orm-tutorial.html,https://www.bmatch.tech/course/react?from=ryf,--,112.0.156.221,1.94E+18,34s,4,https://www.bmatch.tech/courses/frontEndTraining,首次访问,新访客,1,Win 10,移动,Google Chrome,,1920x1080,24-bit,,支持,不支持,2019/2/24 22:19,3s,https://www.bmatch.tech/course/react?from=ryf
512,2019/2/24 21:19,南昌,http://www.ruanyifeng.com/blog/2017/07/working-poor.html,https://www.bmatch.tech/course/react?from=ryf,--,182.100.20.119,2.18E+18,20s,1,https://www.bmatch.tech/course/react?from=ryf,2019/2/24 20:35,新访客,2,Win 10,,Google Chrome,,1536x864,24-bit,,支持,不支持,2019/2/24 21:19,20s,https://www.bmatch.tech/course/react?from=ryf
513,2019/2/24 20:56,成都,http://www.ruanyifeng.com/blog/2014/05/restful_api.html?bsh_bid=516759003,https://www.bmatch.tech/course/react?from=ryf,--,222.209.62.246,2.18E+18,286s,5,https://www.bmatch.tech,首次访问,新访客,1,macOS,电信,Google Chrome,,1680x1050,24-bit,,支持,不支持,2019/2/24 20:56,83s,https://www.bmatch.tech/course/react?from=ryf
514,2019/2/24 20:51,成都,http://www.ruanyifeng.com/blog/2012/06/sass.html,https://www.bmatch.tech/course/react?from=ryf,--,117.136.62.105,1.74E+18,93s,4,https://www.bmatch.tech/courses,首次访问,新访客,1,Android,移动,QQ手机浏览器,,,32-bit,,支持,不支持,2019/2/24 20:51,63s,https://www.bmatch.tech/course/react?from=ryf
517,2019/2/24 20:35,南昌,http://www.ruanyifeng.com/blog/2011/09/c_programming_language_textbooks.html,https://www.bmatch.tech/course/react?from=ryf,--,182.100.20.119,2.18E+18,157s,1,https://www.bmatch.tech/course/react?from=ryf,首次访问,新访客,1,Win 10,,Google Chrome,,1536x864,24-bit,,支持,不支持,2019/2/24 20:35,157s,https://www.bmatch.tech/course/react?from=ryf
523,2019/2/24 19:50,郑州,直接访问,https://www.bmatch.tech/course/react?from=ryf,--,42.236.10.114,1.90E+18,未知,1,https://www.bmatch.tech/course/react?from=ryf,首次访问,新访客,1,Win 7,,Google Chrome,,800x600,24-bit,,支持,不支持,2019/2/24 19:50,未知,https://www.bmatch.tech/course/react?from=ryf
524,2019/2/24 19:50,深圳,http://www.ruanyifeng.com/blog/2019/02/npx.html,https://www.bmatch.tech/course/react?from=ryf,--,113.91.143.80,1.83E+18,234s,12,https://www.bmatch.tech/courses/frontEndTraining,首次访问,新访客,1,Win 10,电信,Google Chrome,,1366x768,24-bit,,支持,不支持,2019/2/24 19:50,4s,https://www.bmatch.tech/course/react?from=ryf
525,2019/2/24 19:50,三亚,http://www.ruanyifeng.com/blog/2010/07/my_thoughts_on_china_scientific_research.html?from=timeline&isappinstalled=0,https://www.bmatch.tech/course/react?from=ryf,--,218.77.208.91,2.12E+18,未知,1,https://www.bmatch.tech/course/react?from=ryf,首次访问,新访客,1,iOS 12,电信,微信浏览器,,1032x645,32-bit,,支持,不支持,2019/2/24 19:50,未知,https://www.bmatch.tech/course/react?from=ryf
526,2019/2/24 19:15,成都,http://www.ruanyifeng.com/blog/2018/07/web-worker.html,https://www.bmatch.tech/course/react?from=ryf,--,223.104.215.103,2.13E+18,555s,10,https://www.bmatch.tech/course/react?from=ryf,首次访问,新访客,1,iOS 12,,Safari移动版,,1032x645,32-bit,,支持,不支持,2019/2/24 19:15,43s,https://www.bmatch.tech/course/react?from=ryf
531,2019/2/24 16:12,深圳,http://www.ruanyifeng.com/blog/2016/09/redux_tutorial_part_two_async_operations.html,https://www.bmatch.tech/course/react?from=ryf,--,61.145.150.175,1.85E+18,157s,1,https://www.bmatch.tech/course/react?from=ryf,首次访问,新访客,1,Win 7,电信,Google Chrome,,1366x768,24-bit,,支持,不支持,2019/2/24 16:12,157s,https://www.bmatch.tech/course/react?from=ryf
532,2019/2/24 14:07,南昌,http://www.ruanyifeng.com/blog/2014/10/event-loop.html,https://www.bmatch.tech/course/react?from=ryf,--,182.106.212.146,2.09E+18,23s,1,https://www.bmatch.tech/course/react?from=ryf,首次访问,新访客,1,Win 10,,Google Chrome,,1536x864,24-bit,,支持,不支持,2019/2/24 14:07,23s,https://www.bmatch.tech/course/react?from=ryf
533,2019/2/24 12:54,杭州,http://www.ruanyifeng.com/blog/2011/04/quicksort_in_javascript.html,https://www.bmatch.tech/course/react?from=ryf,--,183.159.196.185,1.86E+18,未知,1,https://www.bmatch.tech/course/react?from=ryf,首次访问,新访客,1,Win 10,电信,Google Chrome,,1366x768,24-bit,,支持,不支持,2019/2/24 12:54,未知,https://www.bmatch.tech/course/react?from=ryf
534,2019/2/24 12:47,上海,http://www.ruanyifeng.com/blog/2015/07/flex-grammar.html?utm_source=tuicool,https://www.bmatch.tech/course/react?from=ryf,--,112.65.48.119,2.19E+18,未知,1,https://www.bmatch.tech/course/react?from=ryf,首次访问,新访客,1,Android,联通,Chrome移动版,,,32-bit,,支持,不支持,2019/2/24 12:47,未知,https://www.bmatch.tech/course/react?from=ryf
535,2019/2/24 12:09,其他,http://www.ruanyifeng.com/blog/2019/02/weekly-issue-44.html,https://www.bmatch.tech/course/react?from=ryf,--,97.113.7.192,1.97E+18,18s,1,https://www.bmatch.tech/course/react?from=ryf,首次访问,新访客,1,Win 10,,Google Chrome,,,24-bit,,支持,不支持,2019/2/24 12:09,18s,https://www.bmatch.tech/course/react?from=ryf
536,2019/2/24 11:36,上海,http://www.ruanyifeng.com/blog/2014/10/event-loop.html,https://www.bmatch.tech/course/react?from=ryf,--,112.64.119.55,2.22E+18,22s,1,https://www.bmatch.tech/course/react?from=ryf,首次访问,新访客,1,iPad,联通,Chrome移动版,,1024x614,32-bit,,支持,不支持,2019/2/24 11:36,22s,https://www.bmatch.tech/course/react?from=ryf
537,2019/2/24 10:10,台州,http://www.ruanyifeng.com/blog/2019/02/weekly-issue-44.html,https://www.bmatch.tech/course/react?from=ryf,--,221.12.111.114,1.87E+18,14s,1,https://www.bmatch.tech/course/react?from=ryf,首次访问,新访客,1,Win 7,网通,Google Chrome,,1920x1080,24-bit,,支持,不支持,2019/2/24 10:10,14s,https://www.bmatch.tech/course/react?from=ryf
540,2019/2/24 6:04,其他,http://www.ruanyifeng.com/blog/2019/02/orm-tutorial.html,https://www.bmatch.tech/course/react?from=ryf,--,65.92.87.205,1.83E+18,333s,1,https://www.bmatch.tech/course/react?from=ryf,首次访问,新访客,1,Win 10,,Google Chrome,,1280x720,24-bit,,支持,不支持,2019/2/24 6:04,333s,https://www.bmatch.tech/course/react?from=ryf
541,2019/2/24 5:18,香港,http://www.ruanyifeng.com/blog/2019/02/weekly-issue-44.html,https://www.bmatch.tech/course/react?from=ryf,--,58.64.251.110,2.03E+18,11s,1,https://www.bmatch.tech/course/react?from=ryf,首次访问,新访客,1,Win 7,,Google Chrome,,1920x1080,24-bit,,支持,不支持,2019/2/24 5:18,11s,https://www.bmatch.tech/course/react?from=ryf
542,2019/2/24 2:57,宜昌,http://www.ruanyifeng.com/blog/2016/09/redux_tutorial_part_three_react-redux.html,https://www.bmatch.tech/course/react?from=ryf,--,171.44.169.168,2.28E+18,77s,1,https://www.bmatch.tech/course/react?from=ryf,首次访问,新访客,1,macOS,,Google Chrome,,,24-bit,,支持,不支持,2019/2/24 2:57,77s,https://www.bmatch.tech/course/react?from=ryf
543,2019/2/24 2:21,深圳,http://www.ruanyifeng.com/blog/2019/02/weekly-issue-44.html,https://www.bmatch.tech/course/react?from=ryf,--,119.123.199.16,1.98E+18,94s,1,https://www.bmatch.tech/course/react?from=ryf,首次访问,新访客,1,Win 10,电信,Google Chrome,,1536x864,24-bit,,支持,不支持,2019/2/24 2:21,94s,https://www.bmatch.tech/course/react?from=ryf
544,2019/2/23 22:54,杭州,http://www.ruanyifeng.com/blog/2019/02/orm-tutorial.html,https://www.bmatch.tech/course/react?from=ryf,--,115.206.133.162,2.22E+18,3s,1,https://www.bmatch.tech/course/react?from=ryf,首次访问,新访客,1,Android,电信,Chrome移动版,,,24-bit,,支持,不支持,2019/2/23 22:54,3s,https://www.bmatch.tech/course/react?from=ryf
546,2019/2/23 20:22,吉林,http://www.ruanyifeng.com/blog/2012/11/failure_of_healthcare_reform.html,https://www.bmatch.tech/course/react?from=ryf,--,175.31.6.172,1.91E+18,1025s,4,https://www.bmatch.tech/about,首次访问,新访客,1,macOS,电信,Google Chrome,,1440x900,24-bit,,支持,不支持,2019/2/23 20:22,322s,https://www.bmatch.tech/course/react?from=ryf
548,2019/2/23 18:37,延安,http://www.ruanyifeng.com/blog/2017/03/gartner-hype-cycle.html,https://www.bmatch.tech/course/react?from=ryf,--,111.19.117.175,2.23E+18,5s,1,https://www.bmatch.tech/course/react?from=ryf,首次访问,新访客,1,macOS,移动,Google Chrome,,1440x900,24-bit,,支持,不支持,2019/2/23 18:37,5s,https://www.bmatch.tech/course/react?from=ryf
550,2019/2/23 18:01,广州,http://www.ruanyifeng.com/support.html,https://www.bmatch.tech/course/react?from=ryf,--,59.42.238.90,1.86E+18,6s,1,https://www.bmatch.tech/course/react?from=ryf,首次访问,新访客,1,Win 7,电信,Google Chrome,,1920x1080,24-bit,,支持,不支持,2019/2/23 18:01,6s,https://www.bmatch.tech/course/react?from=ryf
551,2019/2/23 17:41,北京,http://www.ruanyifeng.com/blog/2015/12/git-workflow.html,https://www.bmatch.tech/course/react?from=ryf,--,219.142.226.218,1.78E+18,4s,1,https://www.bmatch.tech/course/react?from=ryf,首次访问,新访客,1,Win 10,电信,Google Chrome,,1920x1080,24-bit,,支持,不支持,2019/2/23 17:41,4s,https://www.bmatch.tech/course/react?from=ryf
552,2019/2/23 17:20,深圳,http://www.ruanyifeng.com/support.html,https://www.bmatch.tech/course/react?from=ryf,--,113.104.198.88,2.25E+18,4s,1,https://www.bmatch.tech/course/react?from=ryf,首次访问,新访客,1,Win 10,电信,Google Chrome,,1920x1080,24-bit,,支持,不支持,2019/2/23 17:20,4s,https://www.bmatch.tech/course/react?from=ryf
553,2019/2/23 16:42,福州,http://www.ruanyifeng.com/blog/2010/05/object-oriented_javascript_inheritance.html,https://www.bmatch.tech/course/react?from=ryf,--,110.87.60.97,2.22E+18,5s,1,https://www.bmatch.tech/course/react?from=ryf,首次访问,新访客,1,Win 7,电信,Google Chrome,,1920x1200,24-bit,,支持,不支持,2019/2/23 16:42,5s,https://www.bmatch.tech/course/react?from=ryf
554,2019/2/23 16:34,郑州,http://www.ruanyifeng.com/blog/2019/02/npx.html,https://www.bmatch.tech/course/react?from=ryf,--,222.137.18.193,1.71E+18,7s,1,https://www.bmatch.tech/course/react?from=ryf,首次访问,新访客,1,Win 10,网通,Google Chrome,,1920x1080,24-bit,,支持,不支持,2019/2/23 16:34,7s,https://www.bmatch.tech/course/react?from=ryf
555,2019/2/23 16:20,郑州,直接访问,https://www.bmatch.tech/course/react?from=ryf,--,42.236.10.92,2.23E+18,未知,1,https://www.bmatch.tech/course/react?from=ryf,首次访问,新访客,1,Win 7,,Google Chrome,,800x600,24-bit,,支持,不支持,2019/2/23 16:20,未知,https://www.bmatch.tech/course/react?from=ryf
556,2019/2/23 16:20,北京,http://www.ruanyifeng.com/blog/2019/02/weekly-issue-44.html,https://www.bmatch.tech/course/react?from=ryf,--,123.120.38.24,1.88E+18,5s,1,https://www.bmatch.tech/course/react?from=ryf,首次访问,新访客,1,Win 7,网通,Google Chrome,,1920x1080,24-bit,,支持,不支持,2019/2/23 16:20,5s,https://www.bmatch.tech/course/react?from=ryf
557,2019/2/23 16:05,台湾,http://www.ruanyifeng.com/blog/2014/05/oauth_2_0.html,https://www.bmatch.tech/course/react?from=ryf,--,36.230.73.105,1.89E+18,245s,3,https://www.bmatch.tech/course/react?from=ryf,首次访问,新访客,1,Win 10,,Google Chrome,,1360x768,24-bit,,支持,不支持,2019/2/23 16:05,121s,https://www.bmatch.tech/course/react?from=ryf
558,2019/2/23 15:31,珠海,http://www.ruanyifeng.com/blog/2018/10/flexbox-form.html,https://www.bmatch.tech/course/react?from=ryf,--,120.237.155.119,2.16E+18,7s,1,https://www.bmatch.tech/course/react?from=ryf,首次访问,新访客,1,Win 7,移动,Google Chrome,,1920x1080,24-bit,,支持,不支持,2019/2/23 15:31,7s,https://www.bmatch.tech/course/react?from=ryf
559,2019/2/23 15:23,雅安,http://www.ruanyifeng.com/support.html,https://www.bmatch.tech/course/react?from=ryf,--,182.132.132.51,2.33E+18,1s,1,https://www.bmatch.tech/course/react?from=ryf,2019/2/23 15:22,新访客,2,Win 10,,Google Chrome,,1920x1080,24-bit,,支持,不支持,2019/2/23 15:23,1s,https://www.bmatch.tech/course/react?from=ryf
560,2019/2/23 15:22,雅安,http://www.ruanyifeng.com/blog/2017/08/elasticsearch.html,https://www.bmatch.tech/course/react?from=ryf,--,182.132.132.51,2.33E+18,5s,1,https://www.bmatch.tech/course/react?from=ryf,首次访问,新访客,1,Win 10,,Google Chrome,,1920x1080,24-bit,,支持,不支持,2019/2/23 15:22,5s,https://www.bmatch.tech/course/react?from=ryf
561,2019/2/23 15:06,衡水,http://www.ruanyifeng.com/blog/2019/02/orm-tutorial.html,https://www.bmatch.tech/course/react?from=ryf,--,183.197.115.92,1.76E+18,1s,1,https://www.bmatch.tech/course/react?from=ryf,首次访问,新访客,1,Win 10,移动,Google Chrome,,1600x900,24-bit,,支持,不支持,2019/2/23 15:06,1s,https://www.bmatch.tech/course/react?from=ryf
562,2019/2/23 15:04,上海,http://www.ruanyifeng.com/support.html,https://www.bmatch.tech/course/react?from=ryf,--,116.246.27.92,2.22E+18,3s,1,https://www.bmatch.tech/course/react?from=ryf,首次访问,新访客,1,Win 10,电信,Google Chrome,,1920x1080,24-bit,,支持,不支持,2019/2/23 15:04,3s,https://www.bmatch.tech/course/react?from=ryf
564,2019/2/23 13:55,赣州,http://www.ruanyifeng.com/blog/2019/02/weekly-issue-44.html,https://www.bmatch.tech/course/react?from=ryf,--,39.177.155.65,2.20E+18,122s,1,https://www.bmatch.tech/course/react?from=ryf,首次访问,新访客,1,Ubuntu,,Google Chrome,,1920x1080,24-bit,,支持,不支持,2019/2/23 13:55,122s,https://www.bmatch.tech/course/react?from=ryf
565,2019/2/23 12:20,上海,http://www.ruanyifeng.com/blog/2016/09/react-technology-stack.html,https://www.bmatch.tech/course/react?from=ryf,--,112.64.119.120,1.84E+18,148s,2,https://www.bmatch.tech/course/react?from=ryf,首次访问,新访客,1,Android,联通,QQ手机浏览器,,,32-bit,,支持,不支持,2019/2/23 12:20,148s,https://www.bmatch.tech/course/react?from=ryf
566,2019/2/23 10:38,成都,http://www.ruanyifeng.com/support.html,https://www.bmatch.tech/course/react?from=ryf,--,222.209.8.66,1.75E+18,未知,1,https://www.bmatch.tech/course/react?from=ryf,首次访问,新访客,1,Win 10,电信,Google Chrome,,1536x864,24-bit,,支持,不支持,2019/2/23 10:38,未知,https://www.bmatch.tech/course/react?from=ryf
567,2019/2/23 10:33,贵阳,http://www.ruanyifeng.com/blog/2019/02/weekly-issue-44.html,https://www.bmatch.tech/course/react?from=ryf,--,218.98.27.77,8.51E+18,8s,1,https://www.bmatch.tech/course/react?from=ryf,首次访问,新访客,1,Win 10,百灵宽带,Google Chrome,,1536x864,24-bit,,支持,不支持,2019/2/23 10:33,8s,https://www.bmatch.tech/course/react?from=ryf
570,2019/2/23 8:02,东莞,http://www.ruanyifeng.com/blog/2019/02/weekly-issue-43.html,https://www.bmatch.tech/course/react?from=ryf,--,113.102.232.134,2.18E+18,166s,1,https://www.bmatch.tech/course/react?from=ryf,首次访问,新访客,1,iOS 12,电信,Safari移动版,,1024x576,32-bit,,支持,不支持,2019/2/23 8:02,166s,https://www.bmatch.tech/course/react?from=ryf
572,2019/2/23 1:22,深圳,http://www.ruanyifeng.com/blog/2015/07/flex-grammar.html,https://www.bmatch.tech/course/react?from=ryf,--,223.104.63.27,1.95E+18,9s,1,https://www.bmatch.tech/course/react?from=ryf,首次访问,新访客,1,Win 7,,Google Chrome,,1600x900,24-bit,,支持,不支持,2019/2/23 1:22,9s,https://www.bmatch.tech/course/react?from=ryf
575,2019/2/22 23:38,新乡,http://www.ruanyifeng.com/blog/2019/02/password.html,https://www.bmatch.tech/course/react?from=ryf,--,123.55.85.22,2.00E+18,45s,1,https://www.bmatch.tech/course/react?from=ryf,首次访问,新访客,1,Win 10,电信,Google Chrome,,1536x864,24-bit,,支持,不支持,2019/2/22 23:38,45s,https://www.bmatch.tech/course/react?from=ryf
576,2019/2/22 22:58,北京,http://www.ruanyifeng.com/blog/2012/05/responsive_web_design.html,https://www.bmatch.tech/course/react?from=ryf,--,223.72.76.251,1.94E+18,58s,3,https://www.bmatch.tech/courses,首次访问,新访客,1,Win 10,,Google Chrome,,1920x1080,24-bit,,支持,不支持,2019/2/22 22:58,31s,https://www.bmatch.tech/course/react?from=ryf
579,2019/2/22 21:19,北京,http://www.ruanyifeng.com/blog/2019/02/weekly-issue-44.html,https://www.bmatch.tech/course/react?from=ryf,--,124.64.10.204,2.00E+18,71s,3,https://www.bmatch.tech/courses,首次访问,新访客,1,macOS,网通,Google Chrome,,1440x900,24-bit,,支持,不支持,2019/2/22 21:19,39s,https://www.bmatch.tech/course/react?from=ryf
581,2019/2/22 21:02,台湾,http://www.ruanyifeng.com/blog/2017/05/websocket.html,https://www.bmatch.tech/course/react?from=ryf,--,118.170.239.50,1.91E+18,879s,1,https://www.bmatch.tech/course/react?from=ryf,首次访问,新访客,1,Win 10,,Google Chrome,,1440x900,24-bit,,支持,不支持,2019/2/22 21:02,879s,https://www.bmatch.tech/course/react?from=ryf
582,2019/2/22 20:46,北京,http://www.ruanyifeng.com/blog/2009/01/what_is_a_circle.html,https://www.bmatch.tech/course/react?from=ryf,--,61.135.169.80,2.08E+18,36s,1,https://www.bmatch.tech/course/react?from=ryf,首次访问,新访客,1,macOS,网通,Google Chrome,,1440x900,24-bit,,支持,不支持,2019/2/22 20:46,36s,https://www.bmatch.tech/course/react?from=ryf
583,2019/2/22 20:21,西安,http://www.ruanyifeng.com/blog/2016/09/redux_tutorial_part_two_async_operations.html,https://www.bmatch.tech/course/react?from=ryf,--,117.32.216.7,2.21E+18,61s,1,https://www.bmatch.tech/course/react?from=ryf,首次访问,新访客,1,macOS,电信,Google Chrome,,1600x900,24-bit,,支持,不支持,2019/2/22 20:21,61s,https://www.bmatch.tech/course/react?from=ryf
584,2019/2/22 20:16,深圳,http://www.ruanyifeng.com/blog/2018/07/json_web_token-tutorial.html,https://www.bmatch.tech/course/react?from=ryf,--,183.62.237.218,1.85E+18,5s,1,https://www.bmatch.tech/course/react?from=ryf,首次访问,新访客,1,Win 10,电信,Google Chrome,,1920x1080,24-bit,,支持,不支持,2019/2/22 20:16,5s,https://www.bmatch.tech/course/react?from=ryf
585,2019/2/22 19:39,上海,http://www.ruanyifeng.com/blog/2019/02/weekly-issue-44.html,https://www.bmatch.tech/course/react?from=ryf,--,210.13.64.90,1.74E+18,5s,1,https://www.bmatch.tech/course/react?from=ryf,首次访问,新访客,1,macOS,网通,Google Chrome,,1920x1080,24-bit,,支持,不支持,2019/2/22 19:39,5s,https://www.bmatch.tech/course/react?from=ryf
586,2019/2/22 19:32,北京,http://www.ruanyifeng.com/blog/2015/07/flex-grammar.html,https://www.bmatch.tech/course/react?from=ryf,--,111.196.181.69,2.34E+18,266s,6,https://www.bmatch.tech/courses,首次访问,新访客,1,macOS,联通,Google Chrome,,1280x800,24-bit,,支持,不支持,2019/2/22 19:32,106s,https://www.bmatch.tech/course/react?from=ryf
589,2019/2/22 17:49,福州,http://www.ruanyifeng.com/blog/2019/01/a-piece-of-audio.html,https://www.bmatch.tech/course/react?from=ryf,--,58.22.61.221,1.92E+18,51s,1,https://www.bmatch.tech/course/react?from=ryf,首次访问,新访客,1,Win 10,网通,Google Chrome,,1366x768,24-bit,,支持,不支持,2019/2/22 17:49,51s,https://www.bmatch.tech/course/react?from=ryf
590,2019/2/22 17:30,北京,http://www.ruanyifeng.com/blog/2018/12/weekly-issue-35.html,https://www.bmatch.tech/course/react?from=ryf,--,122.14.50.6,1.94E+18,61s,2,https://www.bmatch.tech/courses,2019/2/22 17:27,新访客,2,macOS,,Google Chrome,,1440x900,24-bit,,支持,不支持,2019/2/22 17:30,5s,https://www.bmatch.tech/course/react?from=ryf
591,2019/2/22 17:29,上海,http://www.ruanyifeng.com/blog/2011/05/how_to_choose_free_software_licenses.html,https://www.bmatch.tech/course/react?from=ryf,--,116.232.29.44,1.76E+18,88s,1,https://www.bmatch.tech/course/react?from=ryf,首次访问,新访客,1,Win 7,电信,QQ浏览器,,1920x1080,24-bit,,支持,不支持,2019/2/22 17:29,88s,https://www.bmatch.tech/course/react?from=ryf
592,2019/2/22 17:27,北京,http://www.ruanyifeng.com/blog/2019/02/npx.html,https://www.bmatch.tech/course/react?from=ryf,--,122.14.50.6,1.94E+18,8s,1,https://www.bmatch.tech/course/react?from=ryf,首次访问,新访客,1,macOS,,Google Chrome,,1440x900,24-bit,,支持,不支持,2019/2/22 17:27,8s,https://www.bmatch.tech/course/react?from=ryf
593,2019/2/22 17:19,广州,http://www.ruanyifeng.com/blog/2016/09/redux_tutorial_part_three_react-redux.html,https://www.bmatch.tech/course/react?from=ryf,--,61.144.96.64,2.10E+18,46s,1,https://www.bmatch.tech/course/react?from=ryf,首次访问,新访客,1,Win 10,电信,Google Chrome,,1366x768,24-bit,,支持,不支持,2019/2/22 17:19,46s,https://www.bmatch.tech/course/react?from=ryf
594,2019/2/22 17:13,北京,http://www.ruanyifeng.com/blog/2014/05/oauth_2_0.html,https://www.bmatch.tech/course/react?from=ryf,--,202.108.196.188,1.77E+18,4s,1,https://www.bmatch.tech/course/react?from=ryf,首次访问,新访客,1,Win 7,网通,Google Chrome,,1366x768,24-bit,,支持,不支持,2019/2/22 17:13,4s,https://www.bmatch.tech/course/react?from=ryf
595,2019/2/22 17:11,成都,http://www.ruanyifeng.com/blog/2016/08/boolean-algebra.html,https://www.bmatch.tech/course/react?from=ryf,--,118.113.147.147,1.87E+18,11s,1,https://www.bmatch.tech/course/react?from=ryf,首次访问,新访客,1,Win 10,电信,Google Chrome,,1536x864,24-bit,,支持,不支持,2019/2/22 17:11,11s,https://www.bmatch.tech/course/react?from=ryf
596,2019/2/22 16:58,上海,http://www.ruanyifeng.com/blog/2013/01/javascript_source_map.html,https://www.bmatch.tech/course/react?from=ryf,--,116.228.184.170,1.78E+18,21s,1,https://www.bmatch.tech/course/react?from=ryf,首次访问,新访客,1,macOS,电信,Google Chrome,,1680x1050,24-bit,,支持,不支持,2019/2/22 16:58,21s,https://www.bmatch.tech/course/react?from=ryf
597,2019/2/22 16:51,北京,直接访问,https://www.bmatch.tech/course/react?from=ryf,--,124.202.212.62,2.09E+18,3s,1,https://www.bmatch.tech/course/react?from=ryf,首次访问,新访客,1,Win 7,电信通,Google Chrome,,1440x900,24-bit,,支持,不支持,2019/2/22 16:51,3s,https://www.bmatch.tech/course/react?from=ryf
598,2019/2/22 16:43,其他,http://www.ruanyifeng.com/blog/2007/07/english_punctuation.html,https://www.bmatch.tech/course/react?from=ryf,--,118.101.224.15,1.86E+18,189s,1,https://www.bmatch.tech/course/react?from=ryf,首次访问,新访客,1,Win 10,,Google Chrome,,1920x1080,24-bit,,支持,不支持,2019/2/22 16:43,189s,https://www.bmatch.tech/course/react?from=ryf
599,2019/2/22 16:40,杭州,http://www.ruanyifeng.com/blog/2018/10/restful-api-best-practices.html,https://www.bmatch.tech/course/react?from=ryf,--,183.129.167.44,1.76E+18,5s,1,https://www.bmatch.tech/course/react?from=ryf,首次访问,新访客,1,macOS,电信,Google Chrome,,1440x900,24-bit,,支持,不支持,2019/2/22 16:40,5s,https://www.bmatch.tech/course/react?from=ryf
601,2019/2/22 15:59,临沂,http://www.ruanyifeng.com/blog/2010/05/object-oriented_javascript_inheritance_continued.html,https://www.bmatch.tech/course/react?from=ryf,--,144.52.190.22,1.87E+18,13s,1,https://www.bmatch.tech/course/react?from=ryf,首次访问,新访客,1,Win 10,,搜狗高速,,1366x768,24-bit,,支持,不支持,2019/2/22 15:59,13s,https://www.bmatch.tech/course/react?from=ryf
602,2019/2/22 15:44,北京,http://www.ruanyifeng.com/blog/2019/02/orm-tutorial.html,https://www.bmatch.tech/course/react?from=ryf,--,39.155.192.88,1.69E+18,378s,4,https://www.bmatch.tech/courses,首次访问,新访客,1,macOS,,Google Chrome,,1920x1080,24-bit,,支持,不支持,2019/2/22 15:44,129s,https://www.bmatch.tech/course/react?from=ryf
603,2019/2/22 15:38,金华,http://www.ruanyifeng.com/blog/2016/04/cors.html,https://www.bmatch.tech/course/react?from=ryf,--,61.175.240.30,1.89E+18,5s,1,https://www.bmatch.tech/course/react?from=ryf,首次访问,新访客,1,Win 10,电信,Google Chrome,,1920x1080,24-bit,,支持,不支持,2019/2/22 15:38,5s,https://www.bmatch.tech/course/react?from=ryf
604,2019/2/22 15:34,宁波,http://www.ruanyifeng.com/blog/2019/02/orm-tutorial.html,https://www.bmatch.tech/course/react?from=ryf,--,125.111.233.234,2.28E+18,3s,1,https://www.bmatch.tech/course/react?from=ryf,首次访问,新访客,1,Win 10,电信,Google Chrome,,1920x1080,24-bit,,支持,不支持,2019/2/22 15:34,3s,https://www.bmatch.tech/course/react?from=ryf
605,2019/2/22 15:24,温州,http://www.ruanyifeng.com/blog/2019/02/npx.html,https://www.bmatch.tech/course/react?from=ryf,--,60.181.32.200,1.99E+18,11s,2,https://www.bmatch.tech/courses,首次访问,新访客,1,Win 10,电信,搜狗高速,,1920x1080,24-bit,,支持,不支持,2019/2/22 15:24,7s,https://www.bmatch.tech/course/react?from=ryf
606,2019/2/22 15:16,其他,http://www.ruanyifeng.com/blog/2016/06/css_modules.html,https://www.bmatch.tech/course/react?from=ryf,--,42.120.74.105,1.76E+18,93s,6,https://www.bmatch.tech/courses/s/ff180ca5a507459e9389600f41972bb6,首次访问,新访客,1,macOS,,Google Chrome,,1440x900,24-bit,,支持,不支持,2019/2/22 15:16,44s,https://www.bmatch.tech/course/react?from=ryf
607,2019/2/22 15:11,杭州,http://www.ruanyifeng.com/blog/2018/07/json_web_token-tutorial.html,https://www.bmatch.tech/course/react?from=ryf,--,115.236.12.42,1.74E+18,135s,5,https://www.bmatch.tech/courses/frontEndTraining,首次访问,新访客,1,macOS,电信,Google Chrome,,1920x1080,24-bit,,支持,不支持,2019/2/22 15:11,11s,https://www.bmatch.tech/course/react?from=ryf
608,2019/2/22 15:06,成都,http://www.ruanyifeng.com/blog/2006/02/post_179.html,https://www.bmatch.tech/course/react?from=ryf,--,182.148.112.32,2.08E+18,29s,1,https://www.bmatch.tech/course/react?from=ryf,首次访问,新访客,1,Win 7,,Google Chrome,,1920x1080,24-bit,,支持,不支持,2019/2/22 15:06,29s,https://www.bmatch.tech/course/react?from=ryf
609,2019/2/22 14:44,北京,http://www.ruanyifeng.com/support.html,https://www.bmatch.tech/course/react?from=ryf,--,106.38.115.22,1.98E+18,897s,3,https://www.bmatch.tech/courses/react,首次访问,新访客,1,Win 10,,Google Chrome,,1536x864,24-bit,,支持,不支持,2019/2/22 14:44,55s,https://www.bmatch.tech/course/react?from=ryf
610,2019/2/22 14:27,其他,http://www.ruanyifeng.com/blog/2019/02/weekly-issue-44.html,https://www.bmatch.tech/course/react?from=ryf,--,52.231.207.196,2.36E+18,437s,1,https://www.bmatch.tech/course/react?from=ryf,首次访问,新访客,1,macOS,,Google Chrome,,1440x900,24-bit,,支持,不支持,2019/2/22 14:27,437s,https://www.bmatch.tech/course/react?from=ryf
611,2019/2/22 14:21,郑州,http://www.ruanyifeng.com/blog/2015/07/flex-grammar.html?utm_source=tuicool,https://www.bmatch.tech/course/react?from=ryf,--,115.60.56.10,2.28E+18,369s,4,https://www.bmatch.tech,首次访问,新访客,1,Win 7,网通,Google Chrome,,1920x1080,24-bit,,支持,不支持,2019/2/22 14:21,212s,https://www.bmatch.tech/course/react?from=ryf
612,2019/2/22 14:12,北京,http://www.ruanyifeng.com/blog/2015/04/generator.html,https://www.bmatch.tech/course/react?from=ryf,--,36.110.87.242,1.84E+18,35s,1,https://www.bmatch.tech/course/react?from=ryf,首次访问,新访客,1,Win 10,,Google Chrome,,1920x1080,24-bit,,支持,不支持,2019/2/22 14:12,35s,https://www.bmatch.tech/course/react?from=ryf
613,2019/2/22 14:09,上海,http://www.ruanyifeng.com/blog/2019/02/weekly-issue-44.html,https://www.bmatch.tech/course/react?from=ryf,--,124.77.251.91,2.22E+18,65s,1,https://www.bmatch.tech/course/react?from=ryf,首次访问,新访客,1,Win 10,电信,QQ浏览器,,1920x1080,24-bit,,支持,不支持,2019/2/22 14:09,65s,https://www.bmatch.tech/course/react?from=ryf
614,2019/2/22 13:55,北京,http://www.ruanyifeng.com/support.html,https://www.bmatch.tech/course/react?from=ryf,--,61.135.169.80,2.10E+18,2s,1,https://www.bmatch.tech/course/react?from=ryf,首次访问,新访客,1,macOS,网通,Google Chrome,,1440x900,24-bit,,支持,不支持,2019/2/22 13:55,2s,https://www.bmatch.tech/course/react?from=ryf
615,2019/2/22 13:45,杭州,http://www.ruanyifeng.com/blog/2019/02/weekly-issue-44.html,https://www.bmatch.tech/course/react?from=ryf,--,59.111.198.100,1.80E+18,2s,1,https://www.bmatch.tech/course/react?from=ryf,首次访问,新访客,1,macOS,,Google Chrome,,1920x1080,24-bit,,支持,不支持,2019/2/22 13:45,2s,https://www.bmatch.tech/course/react?from=ryf
618,2019/2/22 13:37,上海,http://www.ruanyifeng.com/support.html,https://www.bmatch.tech/course/react?from=ryf,--,114.84.42.59,2.17E+18,35s,1,https://www.bmatch.tech/course/react?from=ryf,首次访问,新访客,1,Win 10,电信,Google Chrome,,,24-bit,,支持,不支持,2019/2/22 13:37,35s,https://www.bmatch.tech/course/react?from=ryf
619,2019/2/22 13:23,济南,http://www.ruanyifeng.com/blog/2014/05/oauth_2_0.html,https://www.bmatch.tech/course/react?from=ryf,--,60.208.111.194,2.12E+18,1s,1,https://www.bmatch.tech/course/react?from=ryf,首次访问,新访客,1,Win 10,网通,Google Chrome,,1536x864,24-bit,,支持,不支持,2019/2/22 13:23,1s,https://www.bmatch.tech/course/react?from=ryf
620,2019/2/22 13:22,其他,http://www.ruanyifeng.com/support.html,https://www.bmatch.tech/course/react?from=ryf,--,167.220.255.39,2.24E+18,未知,1,https://www.bmatch.tech/course/react?from=ryf,首次访问,新访客,1,Win 10,,Microsoft Edge,,1280x720,24-bit,,支持,支持,2019/2/22 13:22,未知,https://www.bmatch.tech/course/react?from=ryf
621,2019/2/22 12:51,新乡,http://www.ruanyifeng.com/support.html,https://www.bmatch.tech/course/react?from=ryf,--,42.226.113.118,2.28E+18,6s,1,https://www.bmatch.tech/course/react?from=ryf,首次访问,新访客,1,Win 7,,Google Chrome,,1920x1080,24-bit,,支持,不支持,2019/2/22 12:51,6s,https://www.bmatch.tech/course/react?from=ryf
622,2019/2/22 11:26,南京,http://www.ruanyifeng.com/blog/2007/07/lang_xianping_s_speech_in_toronto.html,https://www.bmatch.tech/course/react?from=ryf,--,61.132.54.2,1.80E+18,5s,1,https://www.bmatch.tech/course/react?from=ryf,首次访问,新访客,1,Win 7,电信,Google Chrome,,1440x900,24-bit,,支持,不支持,2019/2/22 11:26,5s,https://www.bmatch.tech/course/react?from=ryf
623,2019/2/22 11:14,杭州,http://www.ruanyifeng.com/blog/2015/07/flex-grammar.html,https://www.bmatch.tech/course/react?from=ryf,--,115.236.10.66,1.84E+18,114s,5,https://www.bmatch.tech/courses,首次访问,新访客,1,Win 10,电信,Google Chrome,,1280x720,24-bit,,支持,不支持,2019/2/22 11:14,35s,https://www.bmatch.tech/course/react?from=ryf
625,2019/2/22 10:54,厦门,http://www.ruanyifeng.com/blog/2016/09/redux_tutorial_part_three_react-redux.html,https://www.bmatch.tech/course/react?from=ryf,--,120.36.254.101,2.15E+18,113s,3,https://www.bmatch.tech/courses/react,首次访问,新访客,1,Win 8,电信,Google Chrome,,1366x768,24-bit,,支持,不支持,2019/2/22 10:54,57s,https://www.bmatch.tech/course/react?from=ryf
627,2019/2/22 10:00,上海,http://www.ruanyifeng.com/blog/2015/12/safe-job.html,https://www.bmatch.tech/course/react?from=ryf,--,116.247.81.210,2.13E+18,171s,1,https://www.bmatch.tech/course/react?from=ryf,首次访问,新访客,1,macOS,电信,Google Chrome,,1920x1080,24-bit,,支持,不支持,2019/2/22 10:00,171s,https://www.bmatch.tech/course/react?from=ryf
628,2019/2/22 9:18,苏州,http://www.ruanyifeng.com/support.html,https://www.bmatch.tech/course/react?from=ryf,--,218.4.164.86,2.13E+18,8s,1,https://www.bmatch.tech/course/react?from=ryf,首次访问,新访客,1,Win 10,电信,Firefox,,1536x864,24-bit,,支持,不支持,2019/2/22 9:18,8s,https://www.bmatch.tech/course/react?from=ryf
632,2019/2/22 1:43,萍乡,http://www.ruanyifeng.com/blog/2019/02/npx.html,https://www.bmatch.tech/course/react?from=ryf,--,117.170.253.52,1.92E+18,150s,4,https://www.bmatch.tech/courses/frontEndTraining,首次访问,新访客,1,Android,移动,Chrome移动版,,,24-bit,,支持,不支持,2019/2/22 1:43,29s,https://www.bmatch.tech/course/react?from=ryf
633,2019/2/22 0:56,福州,http://www.ruanyifeng.com/blog/2015/03/react.html,https://www.bmatch.tech/course/react?from=ryf,--,59.56.0.42,1.80E+18,13s,1,https://www.bmatch.tech/course/react?from=ryf,首次访问,新访客,1,Android 8.0,电信,Chrome移动版,,1120x840,24-bit,,支持,不支持,2019/2/22 0:56,13s,https://www.bmatch.tech/course/react?from=ryf
634,2019/2/21 22:40,广州,直接访问,https://www.bmatch.tech/course/react?from=ryf,--,61.144.96.9,1.86E+18,17s,2,https://www.bmatch.tech/course/react?from=ryf,首次访问,新访客,1,Win 10,电信,Google Chrome,,1920x1080,24-bit,,支持,不支持,2019/2/21 22:40,4s,https://www.bmatch.tech/course/react?from=ryf
635,2019/2/21 22:14,北京,http://www.ruanyifeng.com/blog/2019/02/weekly-issue-43.html,https://www.bmatch.tech/course/react?from=ryf,--,123.120.84.130,2.21E+18,未知,1,https://www.bmatch.tech/course/react?from=ryf,首次访问,新访客,1,iOS 12,网通,手机百度,,,32-bit,,支持,不支持,2019/2/21 22:14,未知,https://www.bmatch.tech/course/react?from=ryf
636,2019/2/21 21:23,上海,http://www.ruanyifeng.com/blog/2019/02/orm-tutorial.html,https://www.bmatch.tech/course/react?from=ryf,--,116.226.76.167,2.10E+18,61s,3,https://www.bmatch.tech,首次访问,新访客,1,macOS,电信,Google Chrome,,,24-bit,,支持,不支持,2019/2/21 21:23,15s,https://www.bmatch.tech/course/react?from=ryf
637,2019/2/21 20:48,南京,http://www.ruanyifeng.com/blog/2019/02/password.html,https://www.bmatch.tech/course/react?from=ryf,--,49.74.34.176,1.90E+18,720s,1,https://www.bmatch.tech/course/react?from=ryf,首次访问,新访客,1,Win 10,,Google Chrome,,2048x1152,24-bit,,支持,不支持,2019/2/21 20:48,720s,https://www.bmatch.tech/course/react?from=ryf
639,2019/2/21 18:31,厦门,http://www.ruanyifeng.com/blog/2017/08/koa.html,https://www.bmatch.tech/course/react?from=ryf,--,120.41.165.114,1.86E+18,2s,1,https://www.bmatch.tech/course/react?from=ryf,首次访问,新访客,1,Win 10,电信,Google Chrome,,1920x1080,24-bit,,支持,不支持,2019/2/21 18:31,2s,https://www.bmatch.tech/course/react?from=ryf
640,2019/2/21 18:13,沈阳,http://www.ruanyifeng.com/blog/2015/03/react.html,https://www.bmatch.tech/course/react?from=ryf,--,36.102.5.242,1.91E+18,22s,1,https://www.bmatch.tech/course/react?from=ryf,首次访问,新访客,1,Win 10,,Google Chrome,,1920x1080,24-bit,,支持,不支持,2019/2/21 18:13,22s,https://www.bmatch.tech/course/react?from=ryf
642,2019/2/21 18:09,益阳,http://www.ruanyifeng.com/blog/2019/02/password.html,https://www.bmatch.tech/course/react?from=ryf,--,113.242.228.166,1.94E+18,2s,1,https://www.bmatch.tech/course/react?from=ryf,首次访问,新访客,1,Win 7,电信,Google Chrome,,1920x1080,24-bit,,支持,不支持,2019/2/21 18:09,2s,https://www.bmatch.tech/course/react?from=ryf
643,2019/2/21 18:06,宁波,http://www.ruanyifeng.com/blog/2017/08/koa.html,https://www.bmatch.tech/course/react?from=ryf,--,125.116.166.234,2.28E+18,103s,1,https://www.bmatch.tech/course/react?from=ryf,首次访问,新访客,1,macOS,电信,Google Chrome,,1680x1050,24-bit,,支持,不支持,2019/2/21 18:06,103s,https://www.bmatch.tech/course/react?from=ryf
646,2019/2/21 17:26,上海,http://www.ruanyifeng.com/blog/2015/03/react.html,https://www.bmatch.tech/course/react?from=ryf,--,116.228.53.168,1.77E+18,30s,1,https://www.bmatch.tech/course/react?from=ryf,首次访问,新访客,1,Win 7,电信,Google Chrome,,1440x900,24-bit,,支持,不支持,2019/2/21 17:26,30s,https://www.bmatch.tech/course/react?from=ryf
647,2019/2/21 17:25,南京,http://www.ruanyifeng.com/blog/2019/02/weekly-issue-43.html,https://www.bmatch.tech/course/react?from=ryf,--,117.136.45.103,2.28E+18,26s,1,https://www.bmatch.tech/course/react?from=ryf,首次访问,新访客,1,Win 10,移动,Google Chrome,,1536x864,24-bit,,支持,不支持,2019/2/21 17:25,26s,https://www.bmatch.tech/course/react?from=ryf
648,2019/2/21 17:24,北京,http://www.ruanyifeng.com/blog/2019/02/orm-tutorial.html,https://www.bmatch.tech/course/react?from=ryf,--,36.110.64.194,1.91E+18,10s,1,https://www.bmatch.tech/course/react?from=ryf,2019/2/21 16:29,新访客,2,Win 7,,Google Chrome,,1920x1080,24-bit,,支持,不支持,2019/2/21 17:24,10s,https://www.bmatch.tech/course/react?from=ryf
649,2019/2/21 17:20,西安,http://www.ruanyifeng.com/blog/2019/02/weekly-issue-42.html,https://www.bmatch.tech/course/react?from=ryf,--,113.139.244.161,1.84E+18,141s,1,https://www.bmatch.tech/course/react?from=ryf,首次访问,新访客,1,Win 10,电信,Google Chrome,,1920x1080,24-bit,,支持,不支持,2019/2/21 17:20,141s,https://www.bmatch.tech/course/react?from=ryf
651,2019/2/21 17:09,广州,http://www.ruanyifeng.com/blog/2015/03/react.html,https://www.bmatch.tech/course/react?from=ryf,--,218.107.55.254,2.29E+18,50s,1,https://www.bmatch.tech/course/react?from=ryf,首次访问,新访客,1,Win 7,网通,Google Chrome,,1920x1080,24-bit,,支持,不支持,2019/2/21 17:09,50s,https://www.bmatch.tech/course/react?from=ryf
652,2019/2/21 16:45,深圳,http://www.ruanyifeng.com/support.html,https://www.bmatch.tech/course/react?from=ryf,--,219.133.170.76,1.99E+18,8s,1,https://www.bmatch.tech/course/react?from=ryf,首次访问,新访客,1,Win 7,电信,Google Chrome,,1920x1080,24-bit,,支持,不支持,2019/2/21 16:45,8s,https://www.bmatch.tech/course/react?from=ryf
653,2019/2/21 16:29,北京,http://www.ruanyifeng.com/blog/2016/09/redux_tutorial_part_two_async_operations.html,https://www.bmatch.tech/course/react?from=ryf,--,36.110.64.194,1.91E+18,114s,1,https://www.bmatch.tech/course/react?from=ryf,首次访问,新访客,1,Win 7,,Google Chrome,,1920x1080,24-bit,,支持,不支持,2019/2/21 16:29,114s,https://www.bmatch.tech/course/react?from=ryf
654,2019/2/21 16:21,广州,http://www.ruanyifeng.com/blog/2019/01/weekly-issue-39.html,https://www.bmatch.tech/course/react?from=ryf,--,183.238.79.207,1.81E+18,1s,1,https://www.bmatch.tech/course/react?from=ryf,首次访问,新访客,1,Win 10,移动,Google Chrome,,1536x864,24-bit,,支持,不支持,2019/2/21 16:21,1s,https://www.bmatch.tech/course/react?from=ryf
655,2019/2/21 16:19,杭州,http://www.ruanyifeng.com/blog/2018/10/restful-api-best-practices.html,https://www.bmatch.tech/course/react?from=ryf,--,183.134.211.52,1.96E+18,5s,1,https://www.bmatch.tech/course/react?from=ryf,首次访问,新访客,1,macOS,电信,Google Chrome,,1440x900,24-bit,,支持,不支持,2019/2/21 16:19,5s,https://www.bmatch.tech/course/react?from=ryf
656,2019/2/21 16:03,济南,http://www.ruanyifeng.com/blog/2018/02/docker-wordpress-tutorial.html,https://www.bmatch.tech/course/react?from=ryf,--,58.56.84.214,2.05E+18,81s,1,https://www.bmatch.tech/course/react?from=ryf,首次访问,新访客,1,Win 10,电信,Google Chrome,,1920x1080,24-bit,,支持,不支持,2019/2/21 16:03,81s,https://www.bmatch.tech/course/react?from=ryf
657,2019/2/21 15:42,北京,http://www.ruanyifeng.com/blog/2017/07/working-poor.html,https://www.bmatch.tech/course/react?from=ryf,--,114.255.247.131,1.89E+18,未知,1,https://www.bmatch.tech/course/react?from=ryf,首次访问,新访客,1,macOS,网通,Google Chrome,,1440x900,24-bit,,支持,不支持,2019/2/21 15:42,未知,https://www.bmatch.tech/course/react?from=ryf
658,2019/2/21 15:38,上海,http://www.ruanyifeng.com/blog/2015/07/flex-grammar.html?utm_source=tuicool,https://www.bmatch.tech/course/react?from=ryf,--,218.80.192.198,2.23E+18,68s,1,https://www.bmatch.tech/course/react?from=ryf,首次访问,新访客,1,Win 7,电信,Google Chrome,,1366x768,24-bit,,支持,不支持,2019/2/21 15:38,68s,https://www.bmatch.tech/course/react?from=ryf
659,2019/2/21 15:32,郑州,直接访问,https://www.bmatch.tech/course/react?from=ryf,--,42.236.10.84,1.93E+18,未知,1,https://www.bmatch.tech/course/react?from=ryf,首次访问,新访客,1,Win 7,,Google Chrome,,800x600,24-bit,,支持,不支持,2019/2/21 15:32,未知,https://www.bmatch.tech/course/react?from=ryf
660,2019/2/21 15:32,上海,http://www.ruanyifeng.com/support.html,https://www.bmatch.tech/course/react?from=ryf,--,180.165.145.12,2.21E+18,1s,1,https://www.bmatch.tech/course/react?from=ryf,2019/2/21 14:51,新访客,4,Linux,,Google Chrome,,1920x1080,24-bit,,支持,不支持,2019/2/21 15:32,1s,https://www.bmatch.tech/course/react?from=ryf
661,2019/2/21 15:31,济南,http://www.ruanyifeng.com/blog/2011/09/restful.html,https://www.bmatch.tech/course/react?from=ryf,--,113.128.218.146,1.97E+18,56s,1,https://www.bmatch.tech/course/react?from=ryf,首次访问,新访客,1,Win 7,电信,Google Chrome,,1920x1080,24-bit,,支持,不支持,2019/2/21 15:31,56s,https://www.bmatch.tech/course/react?from=ryf
662,2019/2/21 14:59,北京,http://www.ruanyifeng.com/blog/2007/10/ascii_unicode_and_utf-8.html,https://www.bmatch.tech/course/react?from=ryf,--,223.223.194.240,1.87E+18,18s,1,https://www.bmatch.tech/course/react?from=ryf,首次访问,新访客,1,macOS,,Google Chrome,,1920x1080,24-bit,,支持,不支持,2019/2/21 14:59,18s,https://www.bmatch.tech/course/react?from=ryf
663,2019/2/21 14:51,上海,http://www.ruanyifeng.com/blog/2018/11/awk.html?123,https://www.bmatch.tech/course/react?from=ryf,--,180.165.145.12,2.21E+18,2231s,3,https://www.bmatch.tech/course/react?from=ryf,2019/2/21 14:48,新访客,3,Linux,,Google Chrome,,1920x1080,24-bit,,支持,不支持,2019/2/21 14:51,733s,https://www.bmatch.tech/course/react?from=ryf
664,2019/2/21 14:48,上海,http://www.ruanyifeng.com/blog/2018/11/awk.html,https://www.bmatch.tech/course/react?from=ryf,--,180.165.145.12,2.21E+18,1s,1,https://www.bmatch.tech/course/react?from=ryf,2019/2/21 14:43,新访客,2,Linux,,Google Chrome,,1920x1080,24-bit,,支持,不支持,2019/2/21 14:48,1s,https://www.bmatch.tech/course/react?from=ryf